{
  "metadata": {
    "documents": [
      "South of France - Cities.pdf",
      "South of France - Cuisine.pdf",
      "South of France - History.pdf",
      "South of France - Restaurants and Hotels.pdf",
      "South of France - Things to Do.pdf",
      "South of France - Tips and Tricks.pdf",
      "South of France - Traditions and Culture.pdf"
    ],
    "persona": "Investment Analyst",
    "job_to_be_done": "Compare R&D spending and strategies",
    "timestamp": "2025-07-27T16:32:57.366007"
  },
  "extracted_sections": [
    {
      "document": "South of France - Restaurants and Hotels.pdf",
      "page": 8,
      "section_title": "Hotels ",
      "importance_rank": 0.136
    },
    {
      "document": "South of France - Things to Do.pdf",
      "page": 8,
      "section_title": "Shopping and Markets ",
      "importance_rank": 0.118
    },
    {
      "document": "South of France - Things to Do.pdf",
      "page": 10,
      "section_title": "\u2022 ",
      "importance_rank": 0.093
    },
    {
      "document": "South of France - Cities.pdf",
      "page": 9,
      "section_title": "Toulouse: The Pink City ",
      "importance_rank": 0.087
    },
    {
      "document": "South of France - Tips and Tricks.pdf",
      "page": 5,
      "section_title": "\u2022 ",
      "importance_rank": 0.077
    }
  ],
  "subsection_analysis": [
    {
      "document": "South of France - Restaurants and Hotels.pdf",
      "page": 8,
      "refined_text": "Hotels \nBudget-Friendly Hotels \n\u2022 \nIbis Budget Nice Californie Lenval (Nice): A budget-friendly hotel o\ufb00ering comfortable \nrooms and easy access to the beach and city center. The modern amenities and \nconvenient location make it a great choice for budget-conscious travelers. \n\u2022 \nHotel Le Saint Paul (Nice): A charming hotel located in a historic building, o\ufb00ering \na\ufb00ordable rates and beautiful views of the Mediterranean. The cozy rooms and \nfriendly service make it a pleasant stay. \n\u2022 \nHotel des ",
      "importance_rank": 0.136
    },
    {
      "document": "South of France - Things to Do.pdf",
      "page": 8,
      "refined_text": "Shopping and Markets \nThe South of France is a shopper's paradise, with a variety of markets, boutiques, and artisan \nshops: \nLocal Markets \n\u2022 \nNice: Explore the vibrant Cours Saleya Market. \n\u2022 \nCannes: Visit March\u00e9 Forville for fresh seafood and local produce. \n\u2022 \nAvignon: Discover local products at March\u00e9 des Halles. \n\u2022 \nAix-en-Provence: Browse the stalls at the daily market on Place Richelme. \n\u2022 \nSaint-R\u00e9my-de-Provence: Enjoy the lively Wednesday market with local specialties. \n\u2022 \nUz\u00e8s: Visit",
      "importance_rank": 0.118
    },
    {
      "document": "South of France - Things to Do.pdf",
      "page": 10,
      "refined_text": "\u2022 \nMonaco: Explore the Mus\u00e9e Oc\u00e9anographique and its marine exhibits, including a \nshark lagoon and touch tanks. \n\u2022 \nDordogne: See ancient cave paintings at prehistoric sites like Lascaux and Rou\ufb03gnac, \nand visit museums dedicated to prehistoric life. \n\u2022 \nMontpellier: Discover the Planet Ocean World, an aquarium and planetarium with \ninteractive exhibits. \n\u2022 \nCarcassonne: Take a guided tour of the medieval citadel and learn about its history \nand architecture. \n\u2022 \nN\u00eemes: Visit the Roman amphithe",
      "importance_rank": 0.093
    },
    {
      "document": "South of France - Cities.pdf",
      "page": 9,
      "refined_text": "Toulouse: The Pink City \nHistory \nToulouse, known as \"La Ville Rose\" (The Pink City) due to its distinctive terracotta buildings, \nis a vibrant city with a rich history. It was an important center during the Roman period and \nlater became a hub of the aerospace industry. Toulouse has been a center of learning and \nculture for centuries, with a prestigious university and numerous research institutions. \nKey Attractions \n\u2022 \nBasilica of Saint-Sernin: This Romanesque basilica, built between the 11th",
      "importance_rank": 0.087
    },
    {
      "document": "South of France - Tips and Tricks.pdf",
      "page": 5,
      "refined_text": "\u2022 \nAdditional Tips: Download maps and travel guides to your devices for o\ufb04ine use. \nConsider bringing a portable Wi-Fi hotspot for reliable internet access. \n \n \n",
      "importance_rank": 0.077
    }
  ]
}